1,Mazda,Tribute,2011
2,Chevrolet,Silverado 3500,2011
3,Mercedes-Benz,CLK-Class,2004
4,Toyota,4Runner,2008
5,Hyundai,Tucson,2006
6,Ford,Fusion,2013
7,Volvo,S70,1998
8,Mazda,Mazda6,2009
9,Chevrolet,Silverado 2500,2011
10,Ford,Festiva,1988
11,Toyota,Sienna,2010
12,Ford,F150,2010
13,Nissan,Leaf,2012
14,Honda,Accord,1987
15,Mazda,Mazda6,2005
16,Hyundai,Sonata,2012
17,Mitsubishi,Chariot,1986
18,Mitsubishi,Outlander,2009
19,Pontiac,Grand Am,1994
20,Ford,F450,2012
21,BMW,6 Series,2009
22,Acura,Integra,1992
23,Porsche,911,2001
24,Lexus,ES,1991
25,Honda,del Sol,1996
26,Mercedes-Benz,SL-Class,1998
27,BMW,M3,2005
28,Toyota,Highlander,2008
29,Ford,Mustang,1969
30,Mazda,B-Series,1995
31,Ford,Tempo,1987
32,Volvo,XC90,2003
33,Lexus,LS,1999
34,Subaru,Legacy,2000
35,Volvo,850,1997
36,Volkswagen,Eurovan,1995
37,Mercury,Topaz,1992
38,Ford,Thunderbird,1987
39,GMC,Sierra,2010
40,Porsche,Panamera,2011
41,Mercury,Grand Marquis,2007
42,Mazda,MX-5,2004
43,Audi,5000S,1987
44,MINI,Cooper,2003
45,Pontiac,Solstice,2006
46,GMC,Sonoma Club,1992
47,Dodge,Ram,2008
48,Hyundai,Azera,2012
49,BMW,600,1959
50,Ford,Focus,2013
51,Ford,F-350 Super Duty,2006
52,Chevrolet,S10,1994
53,Honda,Civic Si,2003
54,Mercedes-Benz,600SEL,1993
55,Lincoln,Town Car,2008
56,Maserati,Quattroporte,2011
57,Honda,FCX Clarity,2012
58,Toyota,4Runner,1993
59,Jeep,Liberty,2008
60,GMC,Yukon XL 1500,2011
61,Chevrolet,Malibu,1999
62,Ford,Explorer,2012
63,Cadillac,Allante,1993
64,Studebaker,Avanti,1963
65,Volvo,V70,2004
66,Dodge,Grand Caravan,1994
67,Chevrolet,Silverado 2500,2006
68,Volkswagen,Eurovan,1993
69,Audi,S8,2002
70,Dodge,Caravan,1985
71,Eagle,Vision,1995
72,Mitsubishi,Challenger,1998
73,Ford,Excursion,2004
74,Mitsubishi,Lancer,2002
75,Ford,Escort,1998
76,Lexus,SC,1998
77,Toyota,Camry,2002
78,Volkswagen,Jetta,1991
79,Buick,Regal,1988
80,Plymouth,Colt Vista,1994
81,Volkswagen,GTI,1985
82,Dodge,Ram 2500 Club,1997
83,Chevrolet,Astro,2000
84,Oldsmobile,Silhouette,2003
85,Acura,RL,2008
86,Ford,F450,2011
87,Maserati,430,1989
88,Chrysler,Sebring,2002
89,Saturn,L-Series,2001
90,Mazda,Miata MX-5,1997
91,Mazda,MX-3,1992
92,Pontiac,Bonneville,2001
93,BMW,530,2003
94,Chevrolet,Astro,2003
95,Toyota,RAV4,2012
96,Cadillac,DTS,2006
97,Toyota,Land Cruiser,2006
98,Mitsubishi,Eclipse,2004
99,Mercury,Villager,2000
100,Hummer,H3T,2009
101,Ford,Mustang,2009
102,Ford,Escort,1990
103,Toyota,Tundra,2000
104,Chevrolet,Monte Carlo,1998
105,Subaru,Impreza,1994
106,Eagle,Talon,1991
107,Mitsubishi,Chariot,1985
108,BMW,7 Series,1992
109,GMC,2500 Club Coupe,1992
110,Dodge,Intrepid,1994
111,Chevrolet,G-Series G20,1994
112,Mercury,Tracer,1999
113,Chevrolet,Cruze,2012
114,Porsche,911,1999
115,Suzuki,SX4,2011
116,Ram,3500,2011
117,Buick,Enclave,2008
118,Nissan,Xterra,2006
119,Audi,R8,2010
120,Suzuki,Forenza,2004
121,Mazda,Miata MX-5,2001
122,Lexus,IS,2001
123,Ford,F150,2011
124,Lexus,LS,1994
125,Mazda,Miata MX-5,2000
126,Ford,Expedition,2003
127,Chevrolet,Express 2500,2011
128,Volvo,V70,1998
129,Aston Martin,V8 Vantage,2011
130,Ford,Windstar,1998
131,Chevrolet,Blazer,1997
132,Chevrolet,2500,1999
133,BMW,M6,2008
134,Lexus,LS,1999
135,Ferrari,California,2010
136,Kia,Amanti,2004
137,Toyota,Corolla,2004
138,Subaru,Alcyone SVX,1994
139,Volvo,XC90,2012
140,Mazda,626,2002
141,Porsche,Boxster,2006
142,Volvo,S70,2000
143,BMW,525,2001
144,Chevrolet,Suburban 1500,2006
145,Pontiac,Grand Prix,1972
146,Lotus,Elise,2004
147,Volkswagen,Jetta,2001
148,Ford,F-Series,2004
149,Chevrolet,Express 3500,2002
150,Mitsubishi,Sigma,1989
151,Oldsmobile,Aurora,1999
152,Mazda,Mazda3,2011
153,Jeep,Grand Cherokee,2012
154,BMW,5 Series,2009
155,Mercury,Grand Marquis,1989
156,Infiniti,FX,2009
157,Volkswagen,Golf,1992
158,Suzuki,Sidekick,1992
159,Pontiac,LeMans,1989
160,Pontiac,Firefly,1994
161,Dodge,Caravan,2010
162,Audi,S5,2008
163,Buick,Park Avenue,1999
164,GMC,Sierra 3500,2007
165,Cadillac,Escalade,2003
166,Mazda,Miata MX-5,2004
167,Chevrolet,Express 3500,1997
168,Ford,Mustang,1965
169,Chevrolet,Monte Carlo,2000
170,Hyundai,Elantra,2009
171,Pontiac,Vibe,2005
172,BMW,X5,2012
173,Kia,Carens,2009
174,Honda,Passport,2000
175,Subaru,Legacy,2005
176,Audi,S5,2009
177,BMW,5 Series,2008
178,Jeep,Grand Cherokee,2009
179,Ford,Thunderbird,2005
180,Volkswagen,Golf III,1993
181,GMC,Savana 3500,2011
182,Suzuki,Daewoo Lacetti,2005
183,Ford,F250,1998
184,GMC,Savana 2500,2010
185,Subaru,Alcyone SVX,1997
186,Mercury,Tracer,1995
187,Buick,Estate,1990
188,Hyundai,Elantra,2004
189,Isuzu,i-370,2008
190,Mitsubishi,Lancer Evolution,2004
191,Mercedes-Benz,W126,1983
192,Chevrolet,Express 3500,2010
193,Ford,Courier,1989
194,Kia,Sedona,2012
195,Oldsmobile,Silhouette,2004
196,Ford,F-Series Super Duty,2012
197,Isuzu,i-Series,2007
198,Honda,Civic,2009
199,Ford,Mustang,1979
200,Oldsmobile,Bravada,1998
201,MINI,Clubman,2012
202,Maybach,57,2003
203,GMC,Terrain,2012
204,Dodge,Ram Van 2500,1995
205,Pontiac,Grand Prix,1971
206,Maybach,57,2010
207,Mercedes-Benz,G-Class,2008
208,Saab,9-7X,2005
209,Mitsubishi,3000GT,1997
210,Ford,Laser,1985
211,GMC,Sierra 1500,1999
212,Hyundai,Santa Fe,2003
213,Lincoln,Mark VIII,1996
214,Porsche,911,2002
215,GMC,Sierra 2500,2002
216,Porsche,911,2005
217,Lotus,Elise,2006
218,Mazda,MX-5,2001
219,Mitsubishi,Eclipse,1991
220,Chevrolet,Corvette,1987
221,Cadillac,Escalade,2003
222,Mitsubishi,Starion,1984
223,Lincoln,Navigator,2009
224,Chrysler,New Yorker,1994
225,Volkswagen,Jetta,2003
226,Bentley,Continental,2008
227,Lincoln,Town Car,2001
228,Dodge,Ram 2500,2009
229,Mazda,B-Series,2005
230,Toyota,Avalon,1997
231,Volkswagen,Golf,1990
232,Dodge,Journey,2009
233,Dodge,Avenger,2011
234,Isuzu,Rodeo,1992
235,Chrysler,Sebring,2004
236,Lexus,GS,2004
237,Volkswagen,Cabriolet,2001
238,Bentley,Continental GT,2006
239,Dodge,Ram 50,1992
240,BMW,M Roadster,2008
241,GMC,Yukon XL 2500,2000
242,Audi,S6,2002
243,Nissan,Sentra,2006
244,Chrysler,Sebring,2008
245,Chevrolet,Tahoe,2011
246,Toyota,Celica,1994
247,Ford,F150,2007
248,Hyundai,Sonata,2004
249,Mercedes-Benz,Sprinter 2500,2012
250,Buick,LeSabre,1985
251,Lexus,IS-F,2009
252,Porsche,Cayenne,2006
253,Mitsubishi,Expo LRV,1996
254,Oldsmobile,Achieva,1996
255,Infiniti,Q,2000
256,Ford,Escape,2012
257,Toyota,Matrix,2012
258,Mitsubishi,Galant,1995
259,Chevrolet,Suburban 1500,1993
260,Ford,Mustang,1966
261,GMC,Savana 3500,2011
262,Saab,9-3,2006
263,Dodge,D350,1992
264,Lincoln,MKX,2009
265,BMW,3 Series,2012
266,Nissan,Quest,2001
267,Cadillac,XLR-V,2008
268,Nissan,300ZX,1991
269,Panoz,Esperante,2007
270,Cadillac,CTS,2005
271,Buick,Skylark,1987
272,Kia,Sorento,2004
273,Mazda,B-Series,2003
274,Pontiac,Firebird Formula,1999
275,Dodge,Intrepid,2002
276,Mitsubishi,Galant,2000
277,Volkswagen,Golf,1985
278,Plymouth,Breeze,2000
279,Ford,Taurus,1992
280,Ford,E150,2004
281,Ford,Galaxie,1964
282,Volkswagen,riolet,1993
283,Mercury,Capri,1993
284,Mitsubishi,Truck,1994
285,Land Rover,LR2,2009
286,Nissan,Maxima,2006
287,Mitsubishi,Challenger,2002
288,Mazda,B-Series,1992
289,Honda,Accord,2007
290,Bentley,Arnage,2005
291,Chevrolet,Aveo,2006
292,Mercury,Montego,2005
293,Bugatti,Veyron,2009
294,Porsche,911,1991
295,Chevrolet,Impala,2012
296,Dodge,Ram 2500,2003
297,Chevrolet,Avalanche 1500,2004
298,Mercedes-Benz,S-Class,1996
299,Mercedes-Benz,SLK-Class,2002
300,Lexus,LS,2009
301,Mitsubishi,Truck,1992
302,Mazda,MX-5,2006
303,Infiniti,I,2004
304,Mazda,626,1993
305,Hyundai,Sonata,2003
306,Audi,A4,1997
307,Mercedes-Benz,CL65 AMG,2009
308,Hyundai,Elantra,2010
309,Mazda,626,1996
310,Toyota,Land Cruiser,2003
311,Lexus,SC,1992
312,GMC,Sierra 1500,1999
313,Buick,Regal,1987
314,Porsche,Panamera,2012
315,Dodge,Viper,2005
316,Ford,Escort,1999
317,Dodge,Ram 1500 Club,1999
318,Spyker,C8 Spyder,2004
319,Maybach,57,2009
320,MINI,Cooper Countryman,2012
321,Honda,Odyssey,1998
322,Infiniti,G25,2012
323,Saab,900,1996
324,Volkswagen,Golf III,1995
325,Infiniti,M,2012
326,Ford,F450,2012
327,Infiniti,QX,2003
328,GMC,Yukon,1998
329,Porsche,924 S,1987
330,Volkswagen,Passat,1998
331,Audi,TT,2012
332,Cadillac,SRX,2007
333,Saturn,Aura,2007
334,Lotus,Esprit,1994
335,Chevrolet,Silverado 3500,2011
336,Ford,Aerostar,1994
337,Mercedes-Benz,SLK-Class,2001
338,Toyota,Tundra,2010
339,Lincoln,Town Car,1996
340,Lotus,Elan,1991
341,Dodge,Ram Van 1500,1999
342,Mitsubishi,Mighty Max Macro,1993
343,Mitsubishi,L300,1989
344,Scion,xB,2011
345,Ford,Windstar,1998
346,BMW,8 Series,1992
347,Toyota,Camry Hybrid,2008
348,Mercedes-Benz,CL-Class,2004
349,Ford,Aspire,1995
350,Bentley,Azure,2006
351,Ford,Escape,2008
352,Lotus,Esprit,1992
353,Dodge,Intrepid,2003
354,Mercedes-Benz,S-Class,1989
355,Dodge,Ram 3500 Club,1996
356,Saturn,S-Series,2000
357,Honda,Pilot,2007
358,BMW,Z8,2001
359,Subaru,Legacy,2012
360,Volvo,C70,2010
361,Ford,Taurus,2007
362,Honda,Accord,1993
363,Nissan,Murano,2007
364,Pontiac,Firebird,1968
365,GMC,1500,1998
366,Lexus,SC,2008
367,Jaguar,XF,2010
368,Lincoln,Town Car,1985
369,Jaguar,XJ Series,1996
370,Lotus,Esprit,1990
371,Chevrolet,Tahoe,2009
372,Lexus,IS,2012
373,Nissan,Maxima,1997
374,BMW,330,2005
375,Chevrolet,Silverado 1500,2007
376,Volkswagen,Passat,2008
377,Ford,Escort,1998
378,Buick,Regal,1991
379,Acura,TSX,2004
380,Toyota,Tacoma Xtra,1999
381,Chrysler,300M,2004
382,Lincoln,LS,2005
383,Audi,R8,2012
384,Nissan,Xterra,2004
385,Pontiac,Vibe,2007
386,Toyota,Tacoma,2004
387,Ferrari,612 Scaglietti,2010
388,Land Rover,Discovery,2003
389,Pontiac,GTO,1964
390,Ford,E-Series,1990
391,Maserati,Quattroporte,1986
392,Ford,Taurus,2004
393,Dodge,Dakota Club,2005
394,Toyota,4Runner,1996
395,Pontiac,Sunfire,2004
396,Porsche,911,1996
397,Porsche,Panamera,2011
398,Volkswagen,GTI,2004
399,Lexus,GS,2009
400,Dodge,Caliber,2009
401,Ford,E-Series,1989
402,Subaru,Tribeca,2006
403,Dodge,Dakota Club,1996
404,Isuzu,Trooper,1995
405,Pontiac,Grand Am,1992
406,Saturn,S-Series,1996
407,GMC,Sonoma,1998
408,Suzuki,XL-7,2006
409,Volkswagen,New Beetle,2008
410,Volkswagen,Golf,1998
411,CitroÃ«n,CX,1974
412,Oldsmobile,Ciera,1993
413,Ford,Escort,1990
414,Lexus,RX,2013
415,Mercedes-Benz,300SD,1993
416,Mitsubishi,Expo LRV,1996
417,GMC,Safari,1995
418,Dodge,Stealth,1996
419,Ford,Th!nk,2000
420,Mazda,MX-3,1995
421,Land Rover,Discovery Series II,1999
422,Dodge,Ramcharger,1992
423,Nissan,Xterra,2012
424,Lexus,ES,2012
425,Infiniti,M,2003
426,Dodge,Ram 2500,2003
427,Mazda,Mazdaspeed6,2007
428,Volvo,S40,2004
429,Chevrolet,Express 1500,1996
430,Mazda,Protege,1994
431,Audi,80,1992
432,Mazda,MPV,2005
433,Dodge,Durango,2008
434,Mitsubishi,Montero Sport,2000
435,Saab,9-3,2009
436,Chevrolet,Camaro,1992
437,Chevrolet,Express 2500,2004
438,Ford,Escape,2002
439,Ford,F450,2010
440,Dodge,Ram 2500 Club,1997
441,Toyota,MR2,1986
442,Chevrolet,Astro,1994
443,Lincoln,Continental,1993
444,Honda,Ridgeline,2011
445,Nissan,Pathfinder,2003
446,Volvo,S90,1997
447,Mercedes-Benz,S-Class,2011
448,Chevrolet,Corsica,1993
449,Dodge,Sprinter,2006
450,Chevrolet,Express 1500,2007
451,Hummer,H2,2007
452,Pontiac,G6,2009
453,Suzuki,Equator,2009
454,Mazda,Millenia,1995
455,Suzuki,XL7,2008
456,Volvo,S40,2011
457,Saturn,L-Series,2005
458,Chevrolet,Tahoe,2002
459,Mercedes-Benz,CLK-Class,2003
460,Mitsubishi,Outlander,2010
461,Infiniti,EX,2009
462,Nissan,Quest,2012
463,Pontiac,Trans Sport,1999
464,Lincoln,MKX,2013
465,Chevrolet,Cavalier,1996
466,Subaru,Impreza,1999
467,Spyker,C8 Spyder,2004
468,Cadillac,XLR-V,2009
469,Land Rover,Range Rover,2009
470,Chevrolet,S10,2002
471,Mitsubishi,Diamante,2004
472,Dodge,Ram 3500,2003
473,Porsche,911,1994
474,Chevrolet,Silverado 2500,2008
475,Infiniti,G,2012
476,Volkswagen,Cabriolet,1989
477,Nissan,Quest,1998
478,Ford,Edge,2010
479,Ford,Bronco II,1990
480,Chrysler,Sebring,1996
481,Chrysler,Concorde,1997
482,Audi,A5,2012
483,Suzuki,Daewoo Magnus,2004
484,Pontiac,Grand Prix,1962
485,Oldsmobile,Achieva,1993
486,Mitsubishi,Pajero,1993
487,Ford,Ranger,2000
488,Lincoln,MKZ,2007
489,Ford,Econoline E250,1999
490,Acura,MDX,2002
491,GMC,Yukon,2002
492,Chevrolet,Monte Carlo,2000
493,Chevrolet,S10,1998
494,Cadillac,Seville,2000
495,Land Rover,Range Rover,1986
496,Mercedes-Benz,S-Class,2011
497,Mitsubishi,Pajero,1992
498,Dodge,Stratus,2005
499,Cadillac,Escalade EXT,2002
500,Porsche,911,1994
501,Mazda,626,2000
502,Jeep,Wrangler,2003
503,Chevrolet,Malibu,2009
504,Honda,Element,2003
505,Kia,Spectra,2001
506,Chevrolet,2500,1995
507,BMW,6 Series,2005
508,Chevrolet,2500,1998
509,Chevrolet,Express 1500,2005
510,Ford,F350,2007
511,Acura,RDX,2008
512,Ford,Windstar,1997
513,Suzuki,Forenza,2006
514,BMW,8 Series,1993
515,Lincoln,LS,2005
516,Mitsubishi,Lancer,2012
517,Chrysler,New Yorker,1994
518,Chevrolet,Blazer,2003
519,Mercedes-Benz,W123,1977
520,Honda,Accord,1996
521,Lincoln,Town Car,1991
522,GMC,Yukon,2007
523,Pontiac,Firefly,1995
524,GMC,Savana 1500,2010
525,Toyota,Highlander,2004
526,Hyundai,Sonata,1996
527,Fairthorpe,Rockette,1960
528,Mitsubishi,Precis,1990
529,Mazda,Protege,1995
530,Chevrolet,1500,1992
531,Mercury,Mariner,2007
532,Chrysler,PT Cruiser,2003
533,Honda,Prelude,1996
534,Volvo,S40,2006
535,Toyota,Tundra,2007
536,Nissan,Frontier,2002
537,Mitsubishi,Cordia,1986
538,Ford,Festiva,1992
539,Lexus,RX,2001
540,Oldsmobile,Toronado,1966
541,GMC,Safari,1995
542,Hyundai,Azera,2008
543,Nissan,Murano,2010
544,Saturn,Sky,2009
545,Infiniti,IPL G,2012
546,Jeep,Patriot,2007
547,Audi,A4,1997
548,Lexus,ES,2007
549,Scion,tC,2006
550,Volvo,C70,1998
551,Acura,TSX,2006
552,Volvo,V70,2004
553,Lincoln,Continental,1995
554,Land Rover,Range Rover,2005
555,Chevrolet,Express 2500,2002
556,Mercedes-Benz,190E,1992
557,Volvo,S60,2012
558,Chevrolet,Colorado,2011
559,Suzuki,Equator,2010
560,Lincoln,Town Car,1997
561,Ford,Club Wagon,1998
562,Aston Martin,V8 Vantage,2008
563,Mazda,GLC,1984
564,Ford,Fairlane,1965
565,Ford,Expedition,2010
566,Mazda,MX-5,2000
567,GMC,Vandura 2500,1994
568,Ford,Mustang,1990
569,Maserati,Coupe,2005
570,BMW,X5,2010
571,GMC,2500,1998
572,Mitsubishi,Chariot,1987
573,Mercedes-Benz,SLR McLaren,2008
574,Austin,Mini,1959
575,Ford,Probe,1990
576,Saturn,S-Series,2002
577,Mercedes-Benz,500SL,1993
578,Ford,E150,2010
579,Infiniti,QX,1998
580,Chevrolet,Venture,2002
581,Mazda,MPV,2006
582,Chrysler,New Yorker,1994
583,Chevrolet,G-Series G30,1995
584,Ford,Taurus,1997
585,Toyota,Xtra,1992
586,Volkswagen,Passat,1995
587,Porsche,928,1994
588,Aston Martin,DBS,2012
589,GMC,Sierra 1500,2000
590,BMW,X3,2009
591,Mitsubishi,Diamante,2005
592,Honda,Civic,2001
593,Dodge,Durango,2006
594,Nissan,Pathfinder,2009
595,Ford,E350,2004
596,Dodge,Intrepid,2000
597,Bentley,Continental,2008
598,Porsche,968,1993
599,Kia,Optima,2008
600,Bentley,Continental GT,2010
601,Ford,Explorer,2008
602,Ford,Club Wagon,1997
603,Dodge,Caravan,1995
604,Chevrolet,Corvette,1961
605,Saab,9-5,2007
606,Mazda,Mazda6,2003
607,Toyota,Sienna,2000
608,Audi,5000S,1987
609,Acura,RL,2001
610,Buick,LeSabre,1988
611,Chevrolet,Express 3500,2000
612,Chrysler,PT Cruiser,2006
613,GMC,Canyon,2004
614,Hyundai,Scoupe,1992
615,Isuzu,Rodeo,2004
616,Volkswagen,New Beetle,2004
617,Chevrolet,3500,1995
618,Chevrolet,Silverado 3500,2002
619,Toyota,Highlander,2012
620,Mitsubishi,Galant,2006
621,Nissan,Cube,2009
622,Toyota,Land Cruiser,2002
623,Chrysler,Cirrus,2000
624,Ford,Probe,1995
625,Ford,EXP,1988
626,BMW,5 Series,1992
627,Nissan,Pathfinder,2008
628,Chevrolet,Blazer,2000
629,Acura,Legend,1988
630,GMC,Sonoma,2003
631,Toyota,Solara,2000
632,Isuzu,Oasis,1998
633,GMC,Envoy,2002
634,Chrysler,Voyager,2002
635,Dodge,Caravan,1992
636,Dodge,Ram Van 2500,1999
637,Dodge,Ram Wagon B350,1993
638,Chevrolet,Silverado 1500,2005
639,Mazda,MX-5,1991
640,Maybach,Landaulet,2012
641,Saab,9-5,1999
642,Oldsmobile,Bravada,1994
643,Toyota,Highlander,2002
644,Chevrolet,Tahoe,2007
645,GMC,Sonoma,1995
646,GMC,Suburban 1500,1994
647,Ford,Windstar,1997
648,BMW,X5,2002
649,Kia,Rondo,2007
650,Mercedes-Benz,S-Class,2009
651,Volvo,C70,1999
652,Dodge,Grand Caravan,2002
653,Subaru,Justy,1987
654,Chrysler,Sebring,2006
655,Infiniti,G,1994
656,Buick,Riviera,1993
657,Infiniti,Q,1993
658,Mitsubishi,Starion,1984
659,Kia,Sephia,1999
660,Mitsubishi,Eclipse,1991
661,Acura,RL,2008
662,Mitsubishi,Eclipse,2000
663,Nissan,Frontier,2009
664,Ford,Explorer,1992
665,Nissan,300ZX,1996
666,Toyota,Tacoma,2009
667,Cadillac,SRX,2010
668,Chevrolet,Malibu,1998
669,Buick,Special,1962
670,Nissan,370Z,2011
671,Mercedes-Benz,SL-Class,1986
672,Ford,GT,2005
673,Toyota,Camry,1998
674,Cadillac,STS,2008
675,Toyota,Supra,1997
676,Mercury,Tracer,1991
677,Geo,Metro,1997
678,Mercedes-Benz,SL-Class,1998
679,Ford,Mustang,1998
680,Nissan,Xterra,2009
681,Land Rover,Range Rover,2009
682,Volvo,V50,2010
683,Volkswagen,GTI,2007
684,Mercedes-Benz,600SL,1993
685,BMW,Z4 M,2009
686,Volkswagen,Golf,1990
687,Porsche,Cayman,2010
688,Mercedes-Benz,W201,1987
689,Cadillac,Escalade ESV,2008
690,Porsche,944,1991
691,Toyota,Tercel,1993
692,Nissan,Pathfinder,2006
693,Oldsmobile,Alero,2003
694,Jeep,Grand Cherokee,2011
695,GMC,Yukon,2002
696,Bentley,Azure,2006
697,Chevrolet,Avalanche 2500,2004
698,Chevrolet,Traverse,2009
699,Audi,A4,2005
700,Bentley,Continental GT,2006
701,Porsche,911,1991
702,Scion,xB,2005
703,Ford,Explorer Sport,2002
704,Maybach,57,2012
705,Land Rover,Range Rover,2001
706,Dodge,Durango,2005
707,Toyota,Tercel,1997
708,Mazda,Mazda2,2012
709,Volkswagen,New Beetle,1999
710,Kia,Sportage,2007
711,Toyota,Tacoma,1998
712,Mitsubishi,Montero,1993
713,Lincoln,Town Car,1986
714,Pontiac,Grand Am,1988
715,Mercedes-Benz,W201,1990
716,Audi,A6,2011
717,GMC,Yukon Denali,2006
718,Chevrolet,Tahoe,1997
719,Chrysler,Aspen,2009
720,Saturn,Sky,2007
721,Mercedes-Benz,CL-Class,2007
722,Ford,GT,2005
723,Honda,Accord,2004
724,Ford,Ranger,1992
725,Volkswagen,GTI,1997
726,Saab,9000,1993
727,Mitsubishi,Lancer,2004
728,Ford,Crown Victoria,2008
729,Acura,TSX,2011
730,Volkswagen,Jetta III,1993
731,Honda,Accord,2002
732,Mitsubishi,Montero,2000
733,Rolls-Royce,Phantom,2010
734,Oldsmobile,88,1992
735,Jeep,Wrangler,1995
736,Mercedes-Benz,300D,1992
737,Mazda,Mazdaspeed 3,2010
738,Volkswagen,Eos,2008
739,Suzuki,XL7,2009
740,Mercury,Mystique,2000
741,Hyundai,Sonata,1995
742,GMC,Yukon XL 2500,2013
743,Chrysler,Fifth Ave,1993
744,Mercury,Sable,2003
745,Hyundai,Tucson,2010
746,Suzuki,Samurai,1992
747,Plymouth,Grand Voyager,1995
748,Dodge,Ram 1500,1996
749,Ford,Fiesta,2011
750,BMW,M5,2002
751,GMC,Acadia,2011
752,Toyota,Sienna,2001
753,Aston Martin,DBS,2012
754,Volkswagen,GTI,1988
755,Volkswagen,Golf,2012
756,Land Rover,LR2,2011
757,Chevrolet,Express 2500,1997
758,Mercedes-Benz,CLK-Class,1999
759,Toyota,RAV4,2004
760,Dodge,Stealth,1996
761,Mazda,Mazda6,2011
762,Toyota,Sequoia,2005
763,Chevrolet,Express 3500,2012
764,Honda,S2000,2006
765,Infiniti,G,1994
766,Mitsubishi,Pajero,1997
767,Oldsmobile,Cutlass Supreme,1993
768,Jaguar,XJ,2006
769,Honda,Passport,1998
770,Chevrolet,Suburban 2500,1994
771,Mitsubishi,Pajero,1996
772,Isuzu,Trooper,2002
773,Lincoln,MKZ,2012
774,Volvo,C30,2013
775,Chevrolet,Silverado 3500,2007
776,Saab,900,1991
777,Aston Martin,V12 Vantage,2012
778,Mazda,Protege,2000
779,Saturn,Ion,2006
780,Chevrolet,Suburban 1500,1992
781,BMW,8 Series,1992
782,Dodge,Ram Van 3500,2001
783,Chevrolet,Monte Carlo,2002
784,Mercury,Grand Marquis,2007
785,Volkswagen,Jetta III,1993
786,Volvo,V90,1998
787,Pontiac,Grand Prix,1992
788,GMC,Envoy XUV,2004
789,Buick,Enclave,2011
790,Mitsubishi,Montero,1993
791,Acura,MDX,2001
792,Isuzu,Rodeo,1994
793,Mercury,Topaz,1985
794,GMC,Savana,2011
795,Land Rover,Range Rover,2012
796,GMC,Sierra 2500,2003
797,Ford,Taurus,1992
798,Ford,E-Series,2010
799,Pontiac,G6,2005
800,Nissan,Versa,2007
801,Chevrolet,S10,2001
802,Chevrolet,Tahoe,2005
803,Ford,Ranger,2003
804,Chevrolet,Tahoe,2003
805,Volkswagen,Jetta,2012
806,Audi,A4,1998
807,Eagle,Talon,1992
808,Toyota,MR2,2001
809,Ford,Ranger,1988
810,Mercedes-Benz,E-Class,2004
811,Ford,LTD,1985
812,Scion,xB,2008
813,Mercedes-Benz,E-Class,2009
814,Buick,Century,1992
815,Mercedes-Benz,600SEL,1992
816,Ford,Crown Victoria,1997
817,Infiniti,FX,2010
818,Oldsmobile,88,1994
819,Mercedes-Benz,SL-Class,1984
820,Toyota,Corolla,1997
821,Lamborghini,Diablo,1995
822,Dodge,Avenger,2008
823,Chrysler,Sebring,2005
824,Acura,RL,2000
825,Ford,Escape,2013
826,Suzuki,Daewoo Magnus,2004
827,Mercedes-Benz,190E,1992
828,BMW,5 Series,2012
829,Ford,Explorer,2012
830,Mitsubishi,Lancer Evolution,2006
831,Dodge,Ram Van 3500,2002
832,Audi,5000CS,1988
833,Land Rover,Defender,1997
834,Volkswagen,Type 2,1991
835,Mercedes-Benz,E-Class,2000
836,Land Rover,Discovery,2006
837,Buick,Rendezvous,2004
838,Mercury,Grand Marquis,1989
839,Mitsubishi,Challenger,2000
840,Volkswagen,GTI,1988
841,Nissan,Xterra,2006
842,Subaru,XT,1989
843,Suzuki,Forenza,2008
844,GMC,Vandura G1500,1995
845,Nissan,Sentra,2012
846,Saab,900,1988
847,Mitsubishi,Pajero,1988
848,Mazda,929,1995
849,Mitsubishi,Chariot,1989
850,Toyota,4Runner,2011
851,GMC,Canyon,2010
852,Buick,Regal,2001
853,Jeep,Wrangler,2012
854,Ford,Mustang,2000
855,Mazda,CX-9,2011
856,Maybach,62,2005
857,Pontiac,1000,1984
858,Chevrolet,Camaro,2012
859,Mercury,Grand Marquis,1992
860,Jaguar,X-Type,2008
861,Toyota,Highlander Hybrid,2007
862,GMC,Sonoma,2002
863,Suzuki,Esteem,1997
864,Infiniti,G35,2007
865,Chrysler,Town & Country,2001
866,Dodge,D350,1993
867,GMC,1500 Club Coupe,1995
868,Maybach,62,2005
869,Infiniti,QX56,2010
870,Lincoln,Navigator,2000
871,Mazda,B-Series,1997
872,Ford,Econoline E150,1995
873,Volkswagen,Eurovan,1999
874,Acura,NSX,1998
875,Dodge,Ram Van 1500,1999
876,Isuzu,Ascender,2007
877,Nissan,Pathfinder,2010
878,Ford,Crown Victoria,1993
879,Pontiac,Gemini,1988
880,Jeep,Commander,2008
881,Volvo,S40,2002
882,Mazda,CX-7,2011
883,Subaru,Forester,2000
884,Buick,Estate,1990
885,Toyota,MR2,2005
886,Subaru,Legacy,1993
887,Toyota,4Runner,1997
888,Pontiac,Montana SV6,2006
889,Toyota,Prius,2007
890,Pontiac,Firebird Formula,1992
891,Maserati,Quattroporte,2006
892,Hyundai,Elantra,1995
893,Mazda,Miata MX-5,2010
894,Toyota,4Runner,2003
895,Dodge,Ram 2500,2010
896,Chevrolet,Tracker,2000
897,Saab,9-3,2000
898,Ford,Ranger,1998
899,Morgan,Aero 8,2006
900,Hyundai,Genesis,2011
901,Lexus,IS,2001
902,Kia,Optima,2006
903,Oldsmobile,Cutlass,1997
904,Pontiac,Bonneville,1966
905,Mitsubishi,Galant,1984
906,Toyota,Tacoma,2009
907,Chevrolet,Suburban 2500,2010
908,Land Rover,Discovery,2007
909,Mazda,MX-3,1993
910,GMC,Sierra 2500HD,2006
911,Honda,Prelude,2000
912,Mazda,B2600,1987
913,BMW,Z4,2008
914,Honda,Insight,2004
915,Mazda,MX-3,1995
916,Ford,Fusion,2011
917,Audi,S6,2008
918,Volvo,XC70,2011
919,BMW,M Roadster,2006
920,Volvo,V50,2010
921,Audi,S4,2013
922,Dodge,Dakota,1997
923,Subaru,Legacy,1998
924,Hyundai,Sonata,1995
925,Nissan,Frontier,2001
926,Dodge,Ram Van B250,1992
927,Mazda,Mazdaspeed 3,2012
928,Lamborghini,Gallardo,2010
929,GMC,1500 Club Coupe,1996
930,Volkswagen,Golf,2003
931,Chrysler,Town & Country,2012
932,Nissan,Leaf,2012
933,Dodge,Grand Caravan,2000
934,Volkswagen,Touareg,2010
935,Aston Martin,V8 Vantage,2007
936,Mitsubishi,GTO,1990
937,Mercedes-Benz,SLR McLaren,2008
938,Saab,9-3,2000
939,Lexus,ES,2011
940,Buick,LeSabre,2003
941,Hyundai,Genesis,2012
942,Honda,Insight,2003
943,Suzuki,Kizashi,2011
944,Chevrolet,Express 2500,2010
945,Subaru,Legacy,1997
946,Ford,Aerostar,1997
947,Nissan,JUKE,2012
948,Volkswagen,rio,2000
949,Volvo,V50,2008
950,Hyundai,Santa Fe,2009
951,Lexus,LS,1993
952,Mazda,B-Series Plus,2004
953,Audi,A8,2009
954,Ford,F250,1995
955,Ford,Taurus,2013
956,Volkswagen,Touareg,2008
957,BMW,Z4,2004
958,Audi,S6,2010
959,GMC,3500 Club Coupe,1998
960,Geo,Metro,1996
961,Buick,Coachbuilder,1991
962,Buick,Regal,1988
963,Ford,F-Series,2008
964,Cadillac,Escalade,2011
965,Acura,NSX,2002
966,Cadillac,SRX,2004
967,Nissan,300ZX,1993
968,Nissan,350Z,2004
969,Dodge,Durango,2001
970,BMW,760,2006
971,Ford,Mustang,1986
972,Land Rover,Range Rover,1992
973,Volkswagen,Golf,1997
974,Toyota,Paseo,1993
975,Ford,F150,2007
976,Dodge,Intrepid,2000
977,Volkswagen,GTI,1996
978,Hyundai,Tucson,2012
979,Saturn,VUE,2005
980,Nissan,200SX,1997
981,Pontiac,GTO,1972
982,Saturn,VUE,2005
983,Infiniti,IPL G,2011
984,Honda,Accord,1991
985,Ford,F350,1997
986,GMC,2500,1992
987,Mazda,Protege,1997
988,Mitsubishi,Galant,2010
989,Volkswagen,Golf,1985
990,Jaguar,XJ Series,1992
991,Chevrolet,Silverado 3500,2001
992,Volkswagen,Cabriolet,1999
993,Porsche,Cayman,2006
994,Mazda,Miata MX-5,2011
995,Volkswagen,New Beetle,2003
996,Chevrolet,Suburban 1500,1992
997,Toyota,Land Cruiser,1998
998,Lotus,Elise,2010
999,Chevrolet,Silverado 3500,2008
1000,Lincoln,Continental,1994
